<?xml version="1.0" encoding="UTF-8"?>
<!DOCTYPE mapper PUBLIC "-//mybatis.org//DTD Mapper 3.0//EN" "http://mybatis.org/dtd/mybatis-3-mapper.dtd">
<mapper namespace="org.sang.mapper.ChatMsgMapper">
  <resultMap id="BaseResultMap" type="org.sang.bean.ChatMsg">
    <!--
      WARNING - @mbg.generated
      This element is automatically generated by MyBatis Generator, do not modify.
    -->
    <id column="cId" jdbcType="BIGINT" property="cid" />
    <result column="sendId" jdbcType="BIGINT" property="sendid" />
    <result column="receivId" jdbcType="BIGINT" property="receivid" />
    <result column="message" jdbcType="VARCHAR" property="message" />
    <result column="sendTime" jdbcType="TIMESTAMP" property="sendtime" />
    <result column="isread" jdbcType="BIT" property="isread" />
    <result column="status" jdbcType="INTEGER" property="status" />
    <result column="attach" jdbcType="VARCHAR" property="attach" />
  </resultMap>
  <sql id="Example_Where_Clause">
    <!--
      WARNING - @mbg.generated
      This element is automatically generated by MyBatis Generator, do not modify.
    -->
    <where>
      <foreach collection="oredCriteria" item="criteria" separator="or">
        <if test="criteria.valid">
          <trim prefix="(" prefixOverrides="and" suffix=")">
            <foreach collection="criteria.criteria" item="criterion">
              <choose>
                <when test="criterion.noValue">
                  and ${criterion.condition}
                </when>
                <when test="criterion.singleValue">
                  and ${criterion.condition} #{criterion.value}
                </when>
                <when test="criterion.betweenValue">
                  and ${criterion.condition} #{criterion.value} and #{criterion.secondValue}
                </when>
                <when test="criterion.listValue">
                  and ${criterion.condition}
                  <foreach close=")" collection="criterion.value" item="listItem" open="(" separator=",">
                    #{listItem}
                  </foreach>
                </when>
              </choose>
            </foreach>
          </trim>
        </if>
      </foreach>
    </where>
  </sql>
  <sql id="Update_By_Example_Where_Clause">
    <!--
      WARNING - @mbg.generated
      This element is automatically generated by MyBatis Generator, do not modify.
    -->
    <where>
      <foreach collection="example.oredCriteria" item="criteria" separator="or">
        <if test="criteria.valid">
          <trim prefix="(" prefixOverrides="and" suffix=")">
            <foreach collection="criteria.criteria" item="criterion">
              <choose>
                <when test="criterion.noValue">
                  and ${criterion.condition}
                </when>
                <when test="criterion.singleValue">
                  and ${criterion.condition} #{criterion.value}
                </when>
                <when test="criterion.betweenValue">
                  and ${criterion.condition} #{criterion.value} and #{criterion.secondValue}
                </when>
                <when test="criterion.listValue">
                  and ${criterion.condition}
                  <foreach close=")" collection="criterion.value" item="listItem" open="(" separator=",">
                    #{listItem}
                  </foreach>
                </when>
              </choose>
            </foreach>
          </trim>
        </if>
      </foreach>
    </where>
  </sql>
  <sql id="Base_Column_List">
    <!--
      WARNING - @mbg.generated
      This element is automatically generated by MyBatis Generator, do not modify.
    -->
    cId, sendId, receivId, message, sendTime, isread, status, attach
  </sql>
  <select id="selectByExample" parameterType="org.sang.bean.ChatMsgExample" resultMap="BaseResultMap">
    <!--
      WARNING - @mbg.generated
      This element is automatically generated by MyBatis Generator, do not modify.
    -->
    select
    <if test="distinct">
      distinct
    </if>
    <include refid="Base_Column_List" />
    from chatmsg
    <if test="_parameter != null">
      <include refid="Example_Where_Clause" />
    </if>
    <if test="orderByClause != null">
      order by ${orderByClause}
    </if>
  </select>
  <select id="selectByPage" resultMap="BaseResultMap">
    select cm.`cid`,cm.`message`,cm.`sendId`,cm.`receivId`,cm.`sendTime`,cm.`isread`,h.username sendUserName
    from (chatmsg cm left join hr h on cm.sendId=h.id)
    where (cm.`sendId`=#{sid}  and cm.`receivId`=#{rid}) or (cm.`sendId`=#{rid}  and cm.`receivId`=#{sid}) and cm.`status` = 1
    order by cm.`sendTime` desc
    limit #{size}
  </select>
  <select id="selectByPrimaryKey" parameterType="java.lang.Long" resultMap="BaseResultMap">
    <!--
      WARNING - @mbg.generated
      This element is automatically generated by MyBatis Generator, do not modify.
    -->
    select 
    <include refid="Base_Column_List" />
    from chatmsg
    where cId = #{cid,jdbcType=BIGINT}
  </select>
  <delete id="deleteByPrimaryKey" parameterType="java.lang.Long">
    <!--
      WARNING - @mbg.generated
      This element is automatically generated by MyBatis Generator, do not modify.
    -->
    delete from chatmsg
    where cId = #{cid,jdbcType=BIGINT}
  </delete>
  <delete id="deleteByExample" parameterType="org.sang.bean.ChatMsgExample">
    <!--
      WARNING - @mbg.generated
      This element is automatically generated by MyBatis Generator, do not modify.
    -->
    delete from chatmsg
    <if test="_parameter != null">
      <include refid="Example_Where_Clause" />
    </if>
  </delete>
  <insert id="insert" parameterType="org.sang.bean.ChatMsg">
    <!--
      WARNING - @mbg.generated
      This element is automatically generated by MyBatis Generator, do not modify.
    -->
    insert into chatmsg (cId, sendId, receivId, 
      message, sendTime, isread, 
      status, attach)
    values (#{cid,jdbcType=BIGINT}, #{sendid,jdbcType=BIGINT}, #{receivid,jdbcType=BIGINT}, 
      #{message,jdbcType=VARCHAR}, #{sendtime,jdbcType=TIMESTAMP}, #{isread,jdbcType=BIT}, 
      #{status,jdbcType=INTEGER}, #{attach,jdbcType=VARCHAR})
  </insert>
  <insert id="insertSelective" parameterType="org.sang.bean.ChatMsg">
    <!--
      WARNING - @mbg.generated
      This element is automatically generated by MyBatis Generator, do not modify.
    -->
    insert into chatmsg
    <trim prefix="(" suffix=")" suffixOverrides=",">
      <if test="cid != null">
        cId,
      </if>
      <if test="sendid != null">
        sendId,
      </if>
      <if test="receivid != null">
        receivId,
      </if>
      <if test="message != null">
        message,
      </if>

        sendTime,

      <if test="isread != null">
        isread,
      </if>
      <if test="status != null">
        status,
      </if>
      <if test="attach != null">
        attach,
      </if>
    </trim>
    <trim prefix="values (" suffix=")" suffixOverrides=",">
      <if test="cid != null">
        #{cid,jdbcType=BIGINT},
      </if>
      <if test="sendid != null">
        #{sendid,jdbcType=BIGINT},
      </if>
      <if test="receivid != null">
        #{receivid,jdbcType=BIGINT},
      </if>
      <if test="message != null">
        #{message,jdbcType=VARCHAR},
      </if>
      now(),
      <if test="isread != null">
        #{isread,jdbcType=BIT},
      </if>
      <if test="status != null">
        #{status,jdbcType=INTEGER},
      </if>
      <if test="attach != null">
        #{attach,jdbcType=VARCHAR},
      </if>
    </trim>
  </insert>
  <select id="countByExample" parameterType="org.sang.bean.ChatMsgExample" resultType="java.lang.Long">
    <!--
      WARNING - @mbg.generated
      This element is automatically generated by MyBatis Generator, do not modify.
    -->
    select count(*) from chatmsg
    <if test="_parameter != null">
      <include refid="Example_Where_Clause" />
    </if>
  </select>
  <update id="updateByExampleSelective" parameterType="map">
    <!--
      WARNING - @mbg.generated
      This element is automatically generated by MyBatis Generator, do not modify.
    -->
    update chatmsg
    <set>
      <if test="record.cid != null">
        cId = #{record.cid,jdbcType=BIGINT},
      </if>
      <if test="record.sendid != null">
        sendId = #{record.sendid,jdbcType=BIGINT},
      </if>
      <if test="record.receivid != null">
        receivId = #{record.receivid,jdbcType=BIGINT},
      </if>
      <if test="record.message != null">
        message = #{record.message,jdbcType=VARCHAR},
      </if>
      <if test="record.sendtime != null">
        sendTime = #{record.sendtime,jdbcType=TIMESTAMP},
      </if>
      <if test="record.isread != null">
        isread = #{record.isread,jdbcType=BIT},
      </if>
      <if test="record.status != null">
        status = #{record.status,jdbcType=INTEGER},
      </if>
      <if test="record.attach != null">
        attach = #{record.attach,jdbcType=VARCHAR},
      </if>
    </set>
    <if test="_parameter != null">
      <include refid="Update_By_Example_Where_Clause" />
    </if>
  </update>
  <update id="updateByExample" parameterType="map">
    <!--
      WARNING - @mbg.generated
      This element is automatically generated by MyBatis Generator, do not modify.
    -->
    update chatmsg
    set cId = #{record.cid,jdbcType=BIGINT},
      sendId = #{record.sendid,jdbcType=BIGINT},
      receivId = #{record.receivid,jdbcType=BIGINT},
      message = #{record.message,jdbcType=VARCHAR},
      sendTime = #{record.sendtime,jdbcType=TIMESTAMP},
      isread = #{record.isread,jdbcType=BIT},
      status = #{record.status,jdbcType=INTEGER},
      attach = #{record.attach,jdbcType=VARCHAR}
    <if test="_parameter != null">
      <include refid="Update_By_Example_Where_Clause" />
    </if>
  </update>
  <update id="updateByPrimaryKeySelective" parameterType="org.sang.bean.ChatMsg">
    <!--
      WARNING - @mbg.generated
      This element is automatically generated by MyBatis Generator, do not modify.
    -->
    update chatmsg
    <set>
      <if test="sendid != null">
        sendId = #{sendid,jdbcType=BIGINT},
      </if>
      <if test="receivid != null">
        receivId = #{receivid,jdbcType=BIGINT},
      </if>
      <if test="message != null">
        message = #{message,jdbcType=VARCHAR},
      </if>
      <if test="sendtime != null">
        sendTime = #{sendtime,jdbcType=TIMESTAMP},
      </if>
      <if test="isread != null">
        isread = #{isread,jdbcType=BIT},
      </if>
      <if test="status != null">
        status = #{status,jdbcType=INTEGER},
      </if>
      <if test="attach != null">
        attach = #{attach,jdbcType=VARCHAR},
      </if>
    </set>
    where cId = #{cid,jdbcType=BIGINT}
  </update>
  <update id="updateByPrimaryKey" parameterType="org.sang.bean.ChatMsg">
    <!--
      WARNING - @mbg.generated
      This element is automatically generated by MyBatis Generator, do not modify.
    -->
    update chatmsg
    set sendId = #{sendid,jdbcType=BIGINT},
      receivId = #{receivid,jdbcType=BIGINT},
      message = #{message,jdbcType=VARCHAR},
      sendTime = #{sendtime,jdbcType=TIMESTAMP},
      isread = #{isread,jdbcType=BIT},
      status = #{status,jdbcType=INTEGER},
      attach = #{attach,jdbcType=VARCHAR}
    where cId = #{cid,jdbcType=BIGINT}
  </update>
  <update id="markRead" parameterType="org.sang.bean.ChatMsg">
    UPDATE chatmsg set isread = #{isread,jdbcType=BIT}
     where sendId = #{sendid,jdbcType=BIGINT} and
    receivId = #{receivid,jdbcType=BIGINT}
  </update>
</mapper>